auteur,bericht,x,y
dappled-badger,ij? Copy-paste naam in de lijst hieronder (met een ğŸš— als je komt met de auto) : Luke C. Erik Mike Mark Mats Hebben we een ballentas en maskers mee? Morgen 12:55 vertrekken van lucasbolwerk. Wie is erbij? Copy-paste naam in de lijst hieronder (met een ğŸš— als je komt met de auto) : Luke C. Daan Patrick ğŸï¸ Mike Em Thomas B Hidde ğŸš— ivo Erik Tegel 1230 koffietje tilt? Mensen interesse? Gefeliciteerd em! Morgen 12:45 vertrekken van lucasbolwerk. Wie is erbij? Copy-paste naam in de lijst hieronder (met ,-26.18625259399414,-35.339298248291016
dappled-badger,een ğŸš— als je komt met de auto) : Luke C. Patrick H. ğŸ›º Mike H Mats HJ T (Tigchelhoff) Doen wel onebounce op 1.5 meter Top!! Morgen 12:50 vertrekken van lucasbolwerk. Wie is erbij? Copy-paste naam in de lijst hieronder (met een ğŸš— als je komt met de auto) : Luke C. Mike Thomas B Daan Thur Mats 1230 tilt? Koffie? Beide mee? Maar denk rood Niemand een wedstrijdtas gepakt of wel Morgen 12:45 vertrekken van lucasbolwerk. Wie is erbij? Copy-paste naam in de lijst hieronder (met een ğŸš— als je komt met de ,-26.034873962402344,-34.245018005371094
dappled-badger,nsoren al gevraagd? Thur regel jij Dames 2? Rocyclen als mystery item verkopen? Heb erik al gevraagd Morgen 12:15 vertrekken van lucasbolwerk. Wie is erbij? Copy-paste naam in de lijst hieronder (met een ğŸš— als je komt met de auto) : Luke C. P ğŸ¦¼ Ivo Battum Cas Mark Mike Tegel Hebben we een ballentas en maskers? Ga rechtstreeks heen mannen <Media weggelaten> Nieuwe baan Bas? 5je 10tje Hebben we Chris geappt dat we niet trainen? ğŸ¤” Ik ga ergens deze week inventariseren wat voor veilingitems iedereen,-11.31547737121582,-29.398719787597656
dappled-badger," heeft, dus denk daar nog even goed over na. Streven is minimaal 1 item per persoon te hebben. Kan je deze opnieuw sturen? Kan hem niet meer downloaden Hoeveel aanmeldingen hebben we al? @31681446331 Zorg even dat iedereen zijn ouders een mailtje laat sturen, zodat het duidelijk wordt hoeveel mensen echt komen!!! @31637320012 neem je warme handschoenen mee? Hahaha Morgen 18:30 vertrekken van lucasbolwerk. Wie is erbij? Copy-paste naam in de lijst hieronder (met een ğŸš— als je komt met de auto) : L",-10.480490684509277,-27.06007957458496
dappled-badger,uke C. Daan Hidde V ivoğŸš˜ Thomas WğŸš— TomğŸš— Hidde P Troy Mike Erik Tim Thur Tegellll Morgen 12:00 vertrekken van lucasbolwerk. Wie is erbij? Copy-paste naam in de lijst hieronder (met een ğŸš— als je komt met de auto) : Luke C. PğŸš– Troy Mark ivoğŸš˜ hidde p Mike Tegel Morgen 12:00 vertrekken van lucasbolwerk. Wie is erbij? Copy-paste naam in de lijst hieronder (met een ğŸš— als je komt met de auto) : Luke C. PğŸš– Troy Mark ivoğŸš˜ hidde p Mike Tegel Hidde v Tom ğŸš— Dyl Thomas w ğŸš˜ Thur (alleen terug) (daggoe) Hebben ,-28.392751693725586,-36.86912536621094
dappled-badger,r morgenochtend een uitnodiging voor de meeting https://teams.live.com/meet/94695722175482 Voor vanavond Halfuur denk ik Misschien iets langer Tempo!!! Hoeft niet Rikkie Morgen 12:30 vertrekken van lucasbolwerk. Wie is erbij? Copy-paste naam in de lijst hieronder (met een ğŸš— als je komt met de auto) : Luke C. Patrick H. ğŸ›´ Tegel Morgen 12:30 vertrekken van lucasbolwerk. Wie is erbij? Copy-paste naam in de lijst hieronder (met een ğŸš— als je komt met de auto) : Luke C. Patrick H. ğŸ›´ Tegel Mike Mark Hi,-25.07073211669922,-33.28098678588867
dappled-badger,"dde Sven Morgen 12:30 vertrekken van lucasbolwerk. Wie is erbij? Copy-paste naam in de lijst hieronder (met een ğŸš— als je komt met de auto) : Luke C. Patrick H. ğŸ›´ Tegel Mike Mark Hidde Sven Tom ğŸš— IvoğŸš˜ Filip Stijn Morgen 12:30 vertrekken van lucasbolwerk. Wie is erbij? Copy-paste naam in de lijst hieronder (met een ğŸš— als je komt met de auto) : Luke C. Patrick H. ğŸ›´ Mike Mark Hidde Sven Tom ğŸš— IvoğŸš˜ Filip Gefeliciteerd!! Hoelaat dinsdag spelen? Festeerd Arie! Please could you pay me â‚¬ 49,90 for 'Barca",-27.96038246154785,-34.61674880981445
dappled-badger,-Napoli' at https://tikkie.me/pay/jna9jcs82mqk66ulqq1t  This link is valid until 27 February Iedereen graag overmaken. Uiterlijk morgenavond betalen anders krijg je je kaartje niet ğŸ˜‰ Hebben een kaart te weinig trouwens. @31622952892 jij had geen zin toch? Gefeli chaddieee Spelen toch uit op schc? Gewoon wit toch denk ik? Zij zijn blauw Kan je dan even rode sokken en shirt meenemen voor me :) Thanks Morgen 12:30 vertrekken van lucasbolwerk. Wie is erbij? Copy-paste naam in de lijst hieronder (met,-7.731152057647705,-25.65579605102539
dappled-badger, een ğŸš— als je komt met de auto) : Luke C. Daan Mike Battum Thur Mark (ğŸš—) Erik ivoğŸš˜ Tegel (Sjenkie) Thurie en ik worden opgepikt door Patje dus misschien ook iets later Woehoe â€STK-20220313-WA0000.webp (bestand bijgevoegd) <Media weggelaten> Ricardo lekker grillen! Morgen 12:30 vertrekken van lucasbolwerk. Wie is erbij? Copy-paste naam in de lijst hieronder (met een ğŸš— als je komt met de auto) : Luke C. Mike Battum Daan Erik Thur Hidde Mark Ian Troy (alleen terug) Tom ğŸš— Dyl Em Filip P. (Alleen hee,-15.900921821594238,-33.49382400512695
dappled-badger,n) ğŸšœ ivo ğŸš˜ Tegel Ja <Media weggelaten> Thuis â˜‘ï¸ Dit bericht is verwijderd Ja Morgen 12:15 vertrekken van *voordaan* . Wie is erbij? Copy-paste naam in de lijst hieronder (met een ğŸš— als je komt met de auto) : IvoğŸš˜ Battum Mark Dyl FrohnğŸš˜ Tegel Morgen 12:15 vertrekken van voordaan . Wie is erbij? Copy-paste naam in de lijst hieronder (met een ğŸš— als je komt met de auto) : IvoğŸš˜ Battum Mark Dyl FrohnğŸš˜ Mike Daan Em Pppp ğŸšŒ Angelien Hidde Troy Ian Erik Flip Zijn er maar 3 autos? Mywheels battie? Powercar,-21.099651336669922,-33.971187591552734
dappled-badger, rechtstreeks als dat kan Dan klopt het tocg? Toch* 4x4 = 16 Mark? Ik niet Ik heb dan tentamen <Media weggelaten> @31646407997 iets gehoord? Morgen 12:20 vertrekken van lucasbolwerk. Wie is erbij? Copy-paste naam in de lijst hieronder (met een ğŸš— als je komt met de auto) : Luke Battum Hidde Thur Dyl TomğŸš— Daan Mike MarkğŸš— P ğŸš’ Tim Tegel Wie biedt ff zn excuses aan? Keurige goal Vanavond dan dus 1800 lopen en 1815 start? Bij mij doet ie het ook Morgen *12:50* vertrekken van lucasbolwerk. Wie is erbij,-15.467516899108887,-31.803869247436523
dappled-badger,"? Copy-paste naam in de lijst hieronder (met een ğŸš— als je komt met de auto) : Luke Mark Thom ğŸš˜ Thur Daan Mike Erik Battum Em Tegel Trainen we daarvoor niet? Dus 5 Augustus begin vh seizoen? Morgen *12:05* vertrekken van lucasbolwerk. Wie is erbij? Copy-paste naam in de lijst hieronder (met een ğŸš— als je komt met de auto) : Luke Thur Battum Emmeline Hidde Dyl Mark Mike Erik Daan ivoğŸš˜ Tegel Kan iedereen hieronder even laten weten of ze er vrijdag zijn, incl staf. Dan kan ik doorgeven voor hoeveel m",-19.419462203979492,-30.011402130126953
dappled-badger,an we eten nodig hebben: - Mark - Tegel Moeten we dit nog spelen? Duidelijk wie de winnaar is Ja Morgen *12:10* vertrekken van lucasbolwerk. Wie is erbij? Copy-paste naam in de lijst hieronder (met een ğŸš— als je komt met de auto) : Luke Thur Hidde Mike Battum Tegel Ik ben er bij! <Media weggelaten> ğŸ Ja!! Al gestuurd Morgen *13:20* vertrekken van lucasbolwerk. Wie is erbij? Copy-paste naam in de lijst hieronder (met een ğŸš— als je komt met de auto) : Luke Mark Thur Battum Daan Mike Em Erik TomğŸš˜ Dyl,-21.60147476196289,-32.142173767089844
dappled-badger, Hidde Thom w ğŸš˜ Tegel Morgen *13:20* vertrekken van lucasbolwerk. Wie is erbij? Copy-paste naam in de lijst hieronder (met een ğŸš— als je komt met de auto) : Luke Mark Thur Battum Daan Mike Em Erik TomğŸš˜ Dyl Hidde Thom w ğŸš˜ Tegel Ian @64210677429 Iemand??? Parkeren: Fam Jonker Erna en Luuk Stolk Anne Jongerden Daan Ros Harry en dorry van Elst Martin Visser Roos Lelieveldt Hans Roelofs Pim Stam Paul Hemesath Paul Frohn Paul Jonker Harry Pongers Steven van Battum Aleide Schaafsma Gert Jan van der Weer,-13.729236602783203,-35.317169189453125
dappled-badger,"arriere nog even op, want dat kan zomaar van pas komen! Onze afwassers: Ivo en Sven; thanks voor te laat komen ğŸ¤ğŸ» Nais Voor de nieuwe boys: app iemand persoonlijk die morgen en de rest vd voorbereiding oude tenues voor je meeneemt. Als iedereen iemand anders doet, hebben we geen gezeur met spullen kwijt daarna. Dit is je eigen verantwoordelijkheid. En ik heb al voor Stijn, dus mij niet appen. ğŸ¤ğŸ» Morgen *12:10 vertrekken* van lucasbolwerk. Wie is erbij? Copy-paste naam in de lijst hieronder (met ",-10.383819580078125,-26.43544578552246
dappled-badger,een ğŸš— als je komt met de auto) : Luke C. IJse Battie ğŸš— Stijn Kjell Sven Valentijn Erik Mark Tegel Wordt wel iets krap zo Maar komt vast goed Het is nu open denk ik Maak er maar 1310 van ğŸ¤ğŸ» Ok verzamelen? Morgen *19:00 vertrekken* van lucasbolwerk. Wie is erbij? Copy-paste naam in de lijst hieronder (met een ğŸš— als je komt met de auto) : Luke C. Mike H. Erik H. Daan â€˜t G. Mark â€˜t L. Hugo L. IJse D. Ivo V. Tegeltje Morgen *12:35 vertrekken van lucasbolwerk*. Wie is erbij? Copy-paste naam in de lijs,-25.738283157348633,-32.116634368896484
dappled-badger,t hieronder (met een ğŸš— als je komt met de auto) : Luke C. Sven Erik Battie Hugo KjellğŸš— Ivo Mike Mark IJse Hidde P Stijn Tegel Morgen *12:20 vertrekken van lucasbolwerk*. Wie is erbij? Copy-paste naam in de lijst hieronder (met een ğŸš— als je komt met de auto) : Luke C. Hugo L. Thom ğŸš˜ TomğŸš— Daan Ivo Battie ğŸš— Mike Stijn Tegel Viaplay dirkie! Morgen *12:15 vertrekken* van lucasbolwerk. Wie is erbij? Copy-paste naam in de lijst hieronder (met een ğŸš— als je komt met de auto) : Luke C. ğŸš— (alleen terug) Ba,-29.48233413696289,-35.98250961303711
gut-busting-caterpillar,"tps://zoom.us/u/abv2R24ZRl Via zoom 17:00 begint de quiz, daarvoor staat de zoom meeting al wel open zodat er nog even gekletst kan worden Ivo en ik Ja de strikvragen hÃ© Dirk Gefeliciteerd! Gefeliciteerd Dirk! Ik heb Ivo al achterop Bij âœ‹ Ik 21-06-2021 10:05 - â€Peter Jonker heeft Ian Lindenboom toegevoegd Sterkte siets! Morgen 12:45 vertrekken van lucasbolwerk. Wie is erbij? Copy-paste naam in de lijst hieronder (met een ğŸš— als je komt met de auto) : Luke C. Erik Mike Mark Ik heb ook nog evt een ",-12.518868446350098,-31.876182556152344
gut-busting-caterpillar,"spompoen, courgette, aubergine en tomaat: Nog verzamelen bij de pingpong club? Of gewoon op locatie Ik app H2 wel Morgen 12:15 vertrekken van lucasbolwerk. Wie is erbij? Copy-paste naam in de lijst hieronder (met een ğŸš— als je komt met de auto) : Luke C. P ğŸ¦¼ Ivo Battum Cas Mark Beterschap dyl 7! Morgen 18:30 vertrekken van lucasbolwerk. Wie is erbij? Copy-paste naam in de lijst hieronder (met een ğŸš— als je komt met de auto) : Luke C. Daan Hidde V ivoğŸš˜ Thomas WğŸš— TomğŸš— Hidde P Troy Mike Erik Tim Thur",-25.007301330566406,-35.768314361572266
gut-busting-caterpillar," Tegellll Mark SterkteğŸ’ª Morgen 12:00 vertrekken van lucasbolwerk. Wie is erbij? Copy-paste naam in de lijst hieronder (met een ğŸš— als je komt met de auto) : Luke C. PğŸš– Troy Mark ğŸ§€ âœ… ğŸ’ªğŸ’ª Gefeliciteerd coentje! Mooi Dirkie! Gefeliciteerd Puur of we het wel of niet waard vinden om naar Barca te gaan Ik mag donderdag uit quarantaine, dus zou dan ook wel een balletje willen trappen Ik ben er ook zondag weer Morgen 12:30 vertrekken van lucasbolwerk. Wie is erbij? Copy-paste naam in de lijst hieronder (m",-17.3214054107666,-31.93683624267578
gut-busting-caterpillar,et een ğŸš— als je komt met de auto) : Luke C. Patrick H. ğŸ›´ Tegel Mike Mark Dit bericht is verwijderd Morgen 12:45 vertrekken van lucasbolwerk. Wie is erbij? Copy-paste naam in de lijst hieronder (met een ğŸš— als je komt met de auto) : Luke C. Thomas B Thomas W ğŸš˜ Mike Thur Daan Mark Gefeliciteerd! Gefeliciteerd AadjeğŸ‰ Daarom deed ie dat met die cookies Congrats chaddieğŸ‰ 1830 Morgen 12:30 vertrekken van lucasbolwerk. Wie is erbij? Copy-paste naam in de lijst hieronder (met een ğŸš— als je komt met de aut,-26.50975799560547,-34.84521484375
gut-busting-caterpillar,"o) : Luke C. Daan Mike Battum Thur Mark (ğŸš—) Zuur Hid En spaar je stem (er zou wel eens karaoke aanwezig kunnen zijn)ğŸ¤­ Ja thanks boys, goed gefixt Vgm had Ivo twee broekjes, of had je die alweer meegenomen? Morgen 12:30 vertrekken van lucasbolwerk. Wie is erbij? Copy-paste naam in de lijst hieronder (met een ğŸš— als je komt met de auto) : Luke C. Mike Battum Daan Erik Thur Hidde Mark Ik ben er ook niet vanavond, ben vannacht ziek geworden en voel me nog steeds niet goed. Hopelijk donderdag er weer ",-13.695697784423828,-30.210866928100586
gut-busting-caterpillar,bij 4116 Morgen 12:15 vertrekken van lucasbolwerk. Wie is erbij? Copy-paste naam in de lijst hieronder (met een ğŸš— als je komt met de auto) : IvoğŸš˜ Battum Mark 15 man in 4 autoâ€™s wordt ook krap Moet je nagaan hoe scherp ik aan de wedstrijd begin Dit bericht is verwijderd Ik kan Morgen 12:20 vertrekken van lucasbolwerk. Wie is erbij? Copy-paste naam in de lijst hieronder (met een ğŸš— als je komt met de auto) : Luke Battum Hidde Thur Dyl TomğŸš— Daan Mike MarkğŸš— Ja ik ook Ja nu bij mij ook <Media weggelat,-22.078981399536133,-33.460838317871094
gut-busting-caterpillar,"en> Goed aan het doelsaldo gewerkt! Geen Feyenoord broekjes meer dus @31622952892 Morgen *12:50* vertrekken van lucasbolwerk. Wie is erbij? Copy-paste naam in de lijst hieronder (met een ğŸš— als je komt met de auto) : Luke Mark Morgen *12:05* vertrekken van lucasbolwerk. Wie is erbij? Copy-paste naam in de lijst hieronder (met een ğŸš— als je komt met de auto) : Luke Thur Battum Emmeline Hidde Dyl Mark Verwacht nog een schaal bittergarnituur ğŸ‘ Ga het ff navragen, iedereen die zelf een racket heeft gr",-23.452957153320312,-32.49601364135742
gut-busting-caterpillar,"Copy-paste naam in de lijst hieronder (met een ğŸš— als je komt met de auto) : Luke Thur Hidde Mike Battum Tegel Mark We hebben met het TD een duizelingwekkende â‚¬315 (en een leuke zondag) opgehaald voor de teampot! ğŸ’ª Morgen *13:20* vertrekken van lucasbolwerk. Wie is erbij? Copy-paste naam in de lijst hieronder (met een ğŸš— als je komt met de auto) : Luke Mark Bij Lekker Jan ğŸ’›ğŸ’™ Lekker cas! Gefeliciteerd Piet! Jammer boys, maar begrijpelijk! Zeker genoten Eens Geef aan welke maat en kleur trui je wilt",-18.578413009643555,-32.057369232177734
gut-busting-caterpillar,": - Patrick M - Coen XL - Mark M - -  Kleur: 0 Skyblue 0 Kelly green 0 Jade 0 Heather grey 1 Airforce blue 0 Gold 0 Red Hot chilli 2 Vanilla milkshake Mooi Aad! Vervelend hid, rustig aan Vergeet hier ook niet mee bezig te gaan! Zoals gezegd is de deadline uiterlijk 21 augustus Morgen 10:45 vertrekken van lucasbolwerk. Wie is erbij? Copy-paste naam in de lijst hieronder (met een ğŸš— als je komt met de auto) : Luke C. Thom w ğŸš— IJse TomğŸš— Battie Ivo Niels Stijn Valentijn Daan Mark Ja Morgen *12:10 ver",-14.592183113098145,-35.87779235839844
gut-busting-caterpillar,trekken* van lucasbolwerk. Wie is erbij? Copy-paste naam in de lijst hieronder (met een ğŸš— als je komt met de auto) : Luke C. IJse Battie ğŸš— Stijn Kjell Sven Valentijn Erik Mark Weer te laat? Dit bericht is verwijderd Morgen *19:00 vertrekken* van lucasbolwerk. Wie is erbij? Copy-paste naam in de lijst hieronder (met een ğŸš— als je komt met de auto) : Luke C. Mike H. Erik H. Daan â€˜t G. Mark â€˜t L. Morgen *19:00 vertrekken* van lucasbolwerk. Wie is erbij? Copy-paste naam in de lijst hieronder (met een,-29.600021362304688,-34.288795471191406
gut-busting-caterpillar, ğŸš— als je komt met de auto) : Luke C. Mike H. Erik H. Daan â€˜t G. Mark â€˜t L. ğŸš— Hugo L. IJse D. Ivo V. Tegeltje TomğŸš— Kjell Stijn Morgen *12:35 vertrekken van lucasbolwerk*. Wie is erbij? Copy-paste naam in de lijst hieronder (met een ğŸš— als je komt met de auto) : Luke C. Sven Erik Battie Hugo KjellğŸš— Ivo Mike Mark Morgen *12:20 vertrekken van lucasbolwerk*. Wie is erbij? Copy-paste naam in de lijst hieronder (met een ğŸš— als je komt met de auto) : Luke C. Hugo L. Thom ğŸš˜ TomğŸš— Daan Ivo Battie ğŸš— Mike Sti,-29.885129928588867,-35.5949592590332
gut-busting-caterpillar,jn Tegel Mark @31636326496 ? Morgen *12:30 vertrekken van lucasbolwerk*. Wie is erbij? Copy-paste naam in de lijst hieronder (met een ğŸš— als je komt met de auto) : Mark Morgen *12:15 vertrekken* van lucasbolwerk. Wie is erbij? Copy-paste naam in de lijst hieronder (met een ğŸš— als je komt met de auto) : Luke C. ğŸš— (alleen terug) Battie Thom ğŸš— (alleen heen) Daan Mark Ik maak hieruit op dat je niet komt kijken? Vooruit En de Hulk fans zo te zienğŸ˜ ğŸ‘Œ Er is een kerstdiner met Dames 1 en een veilingdiner ,-24.47845458984375,-32.23611068725586
mind-blowing-baboon,:45 vertrekken van lucasbolwerk. Wie is erbij? Copy-paste naam in de lijst hieronder (met een ğŸš— als je komt met de auto) : Luke C. Erik Mike Mark Mats Cas Thur Ivo Hid (refresco wagen) Em Battum Thomas w ğŸš— Tom ğŸš— Hoe laat verzamelen we vanavond en hoe laat spelen we? ğŸ‘ğŸ» Morgen 12:00 vertrekken van lucasbolwerk. Wie is erbij? Copy-paste naam in de lijst hieronder (met een ğŸš— als je komt met de auto) : Luke C. Thur alleen terug! Thomas w ğŸš— Cas Thomas B ivoğŸš— Erik Mike Patrick alleen terug! Kjell Hidd,-26.950376510620117,-36.48868179321289
mind-blowing-baboon,e ğŸš— Troy TomğŸš— Dyl Morgen 12:55 vertrekken van lucasbolwerk. Wie is erbij? Copy-paste naam in de lijst hieronder (met een ğŸš— als je komt met de auto) : Luke C. Daan Patrick ğŸï¸ Mike Em Thomas B Hidde ğŸš— ivo Erik Tegel Hidde P Thom ğŸš˜ Thur Cas Tom ğŸš˜ Dyl Van harte Thur!! ğŸ» Gefeliciteerd Em!! 1845 lopen? 19 uur start? <Media weggelaten> Wij zijn later Kunnen de straat niet uit Sterkte Hid! Same Yes sir Enjoy boys! Morgen 12:05 vertrekken van lucasbolwerk. Wie is erbij? Copy-paste naam in de lijst hieron,-19.861181259155273,-34.74860763549805
mind-blowing-baboon,"der (met een ğŸš— als je komt met de auto) : Luke C. P ğŸ¦¼ Ivo Battum Cas Mark Mike Tegel Daan Thur Troy Hidde ğŸš˜ Dyl Em TomğŸš— De brug staat open Bloemendaal in Zijn paar min later Dan 15 ğŸ’¸ Koentje lekker velgen maat!! Lekkere Sterkte Ang! Morgen 18:30 vertrekken van lucasbolwerk. Wie is erbij? Copy-paste naam in de lijst hieronder (met een ğŸš— als je komt met de auto) : Luke C. Daan Hidde V ivoğŸš˜ Thomas WğŸš— TomğŸš— Succes Kjell, op een spoedig herstel! Morgen 12:00 vertrekken van lucasbolwerk. Wie is erbij? ",-22.28114891052246,-34.65013122558594
mind-blowing-baboon,Copy-paste naam in de lijst hieronder (met een ğŸš— als je komt met de auto) : Luke C. PğŸš– Troy Mark ivoğŸš˜ hidde p Mike Tegel Hidde v Tom ğŸš— Spelen we uit tenue? Top ğŸ’™ğŸ’› â˜‘ï¸ Succes Hidde! Van harte Coentje! Mooi Dirk!! Gefeliciteerd!! Hebben we Ã¼berhaupt wel 11 man? Morgen 12:30 vertrekken van lucasbolwerk. Wie is erbij? Copy-paste naam in de lijst hieronder (met een ğŸš— als je komt met de auto) : Luke C. Patrick H. ğŸ›´ Tegel Mike Mark Hidde Sven Tom ğŸš— Morgen 12:45 vertrekken van lucasbolwerk. Wie is erbij?,-25.639739990234375,-34.86396408081055
mind-blowing-baboon," Copy-paste naam in de lijst hieronder (met een ğŸš— als je komt met de auto) : Luke C. Thomas B Thomas W ğŸš˜ Mike Thur Daan Mark Hidde Tim Troy Tom ğŸš— Van harte Peet! Van harte Aad! âœ… Gefeliciteerd Luke! Spelen dus thuis tenue? Morgen 12:30 vertrekken van lucasbolwerk. Wie is erbij? Copy-paste naam in de lijst hieronder (met een ğŸš— als je komt met de auto) : Luke C. Daan Mike Battum Thur Mark (ğŸš—) Erik ivoğŸš˜ Tegel (Sjenkie) Hid TomğŸš— 30 Vanavond 18:30 Voordaan? Zoals in de andere app aangegeven, ben ik l",-22.43546485900879,-35.66376876831055
mind-blowing-baboon,"ater ivm studie. Waarschijnlijk pas om 1800 uur op Voordaan Voor mij hetzelfde, kom uit Adam ivm studie. Lekker Em!!!! Lekker gasten!! Ik loop nu net uit een meeting in Rijen (Breda). Ik hoop 18.15 te halen, misschien iets later. Morgen 12:30 vertrekken van lucasbolwerk. Wie is erbij? Copy-paste naam in de lijst hieronder (met een ğŸš— als je komt met de auto) : Luke C. Mike Battum Daan Erik Thur Hidde Mark Ian Troy (alleen terug) Tom ğŸš— Dyl Beterschap boys Ik kan Done cas!âœ… A27 pakken cas? ğŸ‘ğŸ»ğŸ‘ğŸ»ğŸ‘ğŸ» ğŸ˜‚",-14.207135200500488,-32.057369232177734
mind-blowing-baboon,"ğŸ˜‚ğŸ˜‚ Cassieboy, van harte!! Morgen *12:50* vertrekken van lucasbolwerk. Wie is erbij? Copy-paste naam in de lijst hieronder (met een ğŸš— als je komt met de auto) : Luke Mark Thom wğŸš˜ Thur Daan Mike Erik Battum Em Tegel Hidde Tim ivoğŸš˜ P ğŸš€ TomğŸš˜ Ik ben waarschijnlijk 5 min later bij lucasbolwerk ğŸ‘ğŸ»ğŸ’ªğŸ» Morgen *12:05* vertrekken van lucasbolwerk. Wie is erbij? Copy-paste naam in de lijst hieronder (met een ğŸš— als je komt met de auto) : Luke Thur Battum Emmeline Hidde Dyl Mark Mike Erik Daan ivoğŸš˜ Tegel TomğŸš˜ ",-24.789045333862305,-36.94236373901367
mind-blowing-baboon,"Kan iedereen hieronder even laten weten of ze er vrijdag zijn, incl staf. Dan kan ik doorgeven voor hoeveel man we eten nodig hebben: - Mark - Tegel - Battum - Mike - Thur - Aad - Thom w - Hidde - Daan - Rik - Troy - P - Coen -Ivo - Erik - Sietse - Peter - Tom Goed geregeld Markie! Ben om de hoek 2 min @31639370400 kan de keeper van de a1? OkÃ© top Morgen *12:10* vertrekken van lucasbolwerk. Wie is erbij? Copy-paste naam in de lijst hieronder (met een ğŸš— als je komt met de auto) : Luke Thur Hidde ",-16.996383666992188,-28.915611267089844
mind-blowing-baboon,"Mike Battum Tegel Mark P. ğŸš‘ Tim Tom Dyl Wel ğŸ‘ŠğŸ»ğŸ‘ŠğŸ» Dit nog even inventariseren? Iedereen die met de auto gaat ff hieronder invullen: - Aad -Ivo - coen - pat -thomw -Tom Morgen *13:20* vertrekken van lucasbolwerk. Wie is erbij? Copy-paste naam in de lijst hieronder (met een ğŸš— als je komt met de auto) : Luke Mark Thur Battum Daan Mike Em Erik TomğŸš˜ Dyl Jan, van harte gefeliciteerd!! 12:45 â˜•ï¸ğŸ© @LB voor de liefhebbers? Boys heeft iemand de ballen tas? Parkeren: Daan Ros Harry en dorry van Elst Martin V",-14.39309310913086,-33.348060607910156
mind-blowing-baboon,"2 sleutel al gevonden? Morgen 10:45 vertrekken van lucasbolwerk. Wie is erbij? Copy-paste naam in de lijst hieronder (met een ğŸš— als je komt met de auto) : Luke C. Thom w ğŸš— IJse TomğŸš— Hid, tot snel! ğŸ»â¤ï¸ Flip, kom je met de auto? Moest omrijden ivm wegafsluiting IJsselstein uit. ETA is nu (nog) 13:20. ğŸ¤·ğŸ»â€â™‚ï¸ Morgen *19:00 vertrekken* van lucasbolwerk. Wie is erbij? Copy-paste naam in de lijst hieronder (met een ğŸš— als je komt met de auto) : Luke C. Mike H. Erik H. Daan â€˜t G. Mark â€˜t L. Hugo L. IJse D",-29.061199188232422,-34.23085021972656
mind-blowing-baboon,. Ivo V. Tegeltje TomğŸš— Morgen *12:20 vertrekken van lucasbolwerk*. Wie is erbij? Copy-paste naam in de lijst hieronder (met een ğŸš— als je komt met de auto) : Luke C. Hugo L. Tom ğŸš— Jaa hoor Goed getimed Weerd Morgen *12:20 vertrekken van lucasbolwerk*. Wie is erbij? Copy-paste naam in de lijst hieronder (met een ğŸš— als je komt met de auto) : Luke C. Hugo L. Thom ğŸš˜ TomğŸš— Morgen *12:30 vertrekken van lucasbolwerk*. Wie is erbij? Copy-paste naam in de lijst hieronder (met een ğŸš— als je komt met de auto),-30.530059814453125,-35.194515228271484
prankish-kiwi,"iet , moet werken van harte peet! gefeliciteerd aad!ğŸ‰ gefeliciteerd Erik! gefeli chads! sterkte Dirk! van harte Dirk! yo boys, vanochtend toen ik wakker werd voelde ik me niet zo lekker, toch maar even gaan testen vanmorgen en ben helaas positief getest...... voor degene die bij mij in de buurt zijn geweest (als dat is gebeurd) let ff op of doe uit voorzorg een sneltestje thanks ğŸ˜‚ bij ğŸ‘†ğŸ» ik kan alleen donderdag Morgen 12:45 vertrekken van lucasbolwerk. Wie is erbij? Copy-paste naam in de lijst h",-8.88720989227295,-25.870349884033203
prankish-kiwi,"ieronder (met een ğŸš— als je komt met de auto) : Luke C. Erik Mike Mark Mats Cas Thur Ivo ik haal de auto van pat op, dus ik kan rijden Morgen 12:45 vertrekken van lucasbolwerk. Wie is erbij? Copy-paste naam in de lijst hieronder (met een ğŸš— als je komt met de auto) : Luke C. Erik Mike Mark Mats Cas Thur IvoğŸš— Hid (refresco wagen) Em Battum Thomas w ğŸš— Tom ğŸš— Dyl Daan Pieter ğŸš˜ Kjell Hidde Tim ik heb de opel hoelaat is de training? ivm werk top Morgen 12:00 vertrekken van lucasbolwerk. Wie is erbij? Co",-23.455509185791016,-36.122962951660156
prankish-kiwi,py-paste naam in de lijst hieronder (met een ğŸš— als je komt met de auto) : Luke C. Thur alleen terug! Thomas w ğŸš— Cas Thomas B ivoğŸš— Morgen 12:55 vertrekken van lucasbolwerk. Wie is erbij? Copy-paste naam in de lijst hieronder (met een ğŸš— als je komt met de auto) : Luke C. Daan Patrick ğŸï¸ Mike Em Thomas B Hidde ğŸš— ivo ik kom toch wel met de auto gefeliciteerd ğŸ¥³ gefeliciteerd! Morgen 12:45 vertrekken van lucasbolwerk. Wie is erbij? Copy-paste naam in de lijst hieronder (met een ğŸš— als je komt met de au,-28.195514678955078,-35.71055603027344
prankish-kiwi,"to) : Luke C. Patrick H. ğŸ›º Mike H Mats HJ T (Tigchelhoff) Thomas v B. Angelien GJMHB FrohnğŸ Dyl Ian Em Erik Hidde V ğŸš— Daan Ivo sterkte hid Morgen 12:50 vertrekken van lucasbolwerk. Wie is erbij? Copy-paste naam in de lijst hieronder (met een ğŸš— als je komt met de auto) : Luke C. Mike Thomas B Daan Thur Mats Ivo zou iemand morgen de bidonnen op voordaan kunnen ophalen? ? ik ga ook rechtstreeks, rij ook ff langs voordaan voor de bidonnen sta in de file ik niet iig Morgen 12:45 vertrekken van lucasb",-17.10317611694336,-34.274925231933594
prankish-kiwi,"olwerk. Wie is erbij? Copy-paste naam in de lijst hieronder (met een ğŸš— als je komt met de auto) : Luke C. Hidde V ğŸš Tegel Hidde P Thomas vB Thur Wemeltsj Em Daan Mike Ivo Ben er vandaag niet bij boys, voel me niet lekker en daardoor niet fit genoeg om te trainen, suc6 vandaag boys , ik had al n tijdje een etentje met werk staan, dus ik ben bij de pingpongclub erbij en daarna haak ik af Morgen 12:15 vertrekken van lucasbolwerk. Wie is erbij? Copy-paste naam in de lijst hieronder (met een ğŸš— als je",-17.734838485717773,-31.398033142089844
prankish-kiwi," komt met de auto) : Luke C. P ğŸ¦¼ Ivo klote, sterkte dyl Dit bericht is verwijderd Morgen 18:30 vertrekken van lucasbolwerk. Wie is erbij? Copy-paste naam in de lijst hieronder (met een ğŸš— als je komt met de auto) : Luke C. Daan Hidde V ivoğŸš˜ suc6 kjell! Morgen 12:00 vertrekken van lucasbolwerk. Wie is erbij? Copy-paste naam in de lijst hieronder (met een ğŸš— als je komt met de auto) : Luke C. PğŸš– Troy Mark ivoğŸš˜ ja heb ik <Media weggelaten> hup voordaan âœ… âœ… suc6 hid gefeliciteerd coentje gefeliciteerd",-24.931135177612305,-34.455039978027344
prankish-kiwi, Dirk! ik sta in de file ik ben wss iets later sterkte dyl! hopelijk ben je er snel weer ğŸ™ğŸ» Morgen 12:30 vertrekken van lucasbolwerk. Wie is erbij? Copy-paste naam in de lijst hieronder (met een ğŸš— als je komt met de auto) : Luke C. Patrick H. ğŸ›´ Tegel Mike Mark Hidde Sven Tom ğŸš— IvoğŸš˜ gefeliciteerd! gefeliciteerd Aad! âœ… gefeli chads ik heb er ook 2 Morgen 12:30 vertrekken van lucasbolwerk. Wie is erbij? Copy-paste naam in de lijst hieronder (met een ğŸš— als je komt met de auto) : Luke C. Daan Mike Ba,-24.277942657470703,-34.242557525634766
prankish-kiwi,"ttum Thur Mark (ğŸš—) Erik ivoğŸš˜ klote hid en wat was ie lekker rick en zn chick wel lekkerr lopen flippen hoor, klasse ğŸ˜‚ ik ben er de eerste training niet bij, ben dan bij de fysio hoop dat ik de op tijd ben voor de 2e training heb ik aan sietse gegeven boys, net bij de fysio geweest en helaas iets minder nieuws. weet niet hoelang het gaat duren maar mag voor nu ff niet hockeyen ivm mn blessure. Zal jullie op de hoogte houden thanks boys Morgen 12:30 vertrekken van lucasbolwerk. Wie is erbij? Copy-",-8.035581588745117,-23.966739654541016
prankish-kiwi,paste naam in de lijst hieronder (met een ğŸš— als je komt met de auto) : Luke C. Mike Battum Daan Erik Thur Hidde Mark Ian Troy (alleen terug) Tom ğŸš— Dyl Em Filip P. (Alleen heen) ğŸšœ ivo ğŸš˜ beterschap! Morgen 12:15 vertrekken van lucasbolwerk. Wie is erbij? Copy-paste naam in de lijst hieronder (met een ğŸš— als je komt met de auto) : IvoğŸš˜ ğŸ˜‚ mooi aad! gefeliciteerd! sta in de file miss iets later Morgen *12:50* vertrekken van lucasbolwerk. Wie is erbij? Copy-paste naam in de lijst hieronder (met een ğŸš— a,-25.817087173461914,-35.94196701049805
prankish-kiwi,"ls je komt met de auto) : Luke Mark Thom ğŸš˜ Thur Daan Mike Erik Battum Em Tegel Hidde Tim ivoğŸš˜ Morgen *12:05* vertrekken van lucasbolwerk. Wie is erbij? Copy-paste naam in de lijst hieronder (met een ğŸš— als je komt met de auto) : Luke Thur Battum Emmeline Hidde Dyl Mark Mike Erik Daan ivoğŸš˜ Kan iedereen hieronder even laten weten of ze er vrijdag zijn, incl staf. Dan kan ik doorgeven voor hoeveel man we eten nodig hebben: - Mark - Tegel - Battum - Mike - Thur - Aad - Thom w - Hidde - Daan - Rik - T",-18.012168884277344,-29.27421760559082
prankish-kiwi,roy - P - Coen -Ivo onderhands serveren? haha patjeee Morgen 12:10 vertrekken van lucasbolwerk. Wie is erbij? Copy-paste naam in de lijst hieronder (met een ğŸš— als je komt met de auto) : Luke Thur Hidde Mike Battum Tegel Mark P. ğŸš‘ Tim Tom Dyl Daan Erik Em Thom w ğŸš˜ IvoğŸš˜ geitje Dit nog even inventariseren? Iedereen die met de auto gaat ff hieronder invullen: - Aad -Ivo Morgen *13:20* vertrekken van lucasbolwerk. Wie is erbij? Copy-paste naam in de lijst hieronder (met een ğŸš— als je komt met de auto),-24.06023406982422,-35.59136962890625
prankish-kiwi," : Luke Mark Thur Battum Daan Mike Em Erik TomğŸš˜ Dyl Hidde Thom w ğŸš˜ Tegel Ian Troy Ivo Morgen *13:20* vertrekken van lucasbolwerk. Wie is erbij? Copy-paste naam in de lijst hieronder (met een ğŸš— als je komt met de auto) : Luke Mark Thur Battum Daan Mike Em Erik TomğŸš˜ Dyl Hidde Thom w ğŸš˜ Tegel Ian Troy IvoğŸš• â¤ï¸â¤ï¸ ik ben ook iets later ivm werk lekker cassie! weg afgesloten, ben misschien iets later a27 afslag de bilt ik ben misschien iets later ivm werk gefeliciteerd! jammer gasten! genoten met jullie",-14.82113265991211,-34.346710205078125
prankish-kiwi," ğŸ˜˜ Wat klote hid, beterschap! Hoelaat? Morgen 10:45 vertrekken van lucasbolwerk. Wie is erbij? Copy-paste naam in de lijst hieronder (met een ğŸš— als je komt met de auto) : Luke C. Thom w ğŸš— IJse TomğŸš— Battie Ivo Morgen *12:10 vertrekken* van lucasbolwerk. Wie is erbij? Copy-paste naam in de lijst hieronder (met een ğŸš— als je komt met de auto) : Luke C. IJse Battie ğŸš— Stijn Kjell Sven Valentijn Erik Mark Tegel Mike Daan Hidde PğŸš— Niels Hugo Ivo Weet iemand of voordaan morgen open is? Al mn spullen ligg",-23.576034545898438,-33.72011184692383
prankish-kiwi,en nog in de kleedkamer LB is afgesloten Morgen *19:00 vertrekken* van lucasbolwerk. Wie is erbij? Copy-paste naam in de lijst hieronder (met een ğŸš— als je komt met de auto) : Luke C. Mike H. Erik H. Daan â€˜t G. Mark â€˜t L. Hugo L. IJse D. Ivo V. Morgen *12:35 vertrekken van lucasbolwerk*. Wie is erbij? Copy-paste naam in de lijst hieronder (met een ğŸš— als je komt met de auto) : Luke C. Sven Erik Battie Hugo KjellğŸš— Ivo Morgen *12:20 vertrekken van lucasbolwerk*. Wie is erbij? Copy-paste naam in de l,-30.176958084106445,-34.61619567871094
prankish-kiwi,ijst hieronder (met een ğŸš— als je komt met de auto) : Luke C. Hugo L. Thom ğŸš˜ TomğŸš— Daan Ivo Ik sta ook in de file Ik ben misschien iets later door werk Morgen *12:30 vertrekken van lucasbolwerk*. Wie is erbij? Copy-paste naam in de lijst hieronder (met een ğŸš— als je komt met de auto) : Mark IJse Mike TomğŸš— Daan Erik Ivo Morgen *12:15 vertrekken* van lucasbolwerk. Wie is erbij? Copy-paste naam in de lijst hieronder (met een ğŸš— als je komt met de auto) : Luke C. ğŸš— (alleen terug) Battie Thom ğŸš— (alleen h,-26.57033920288086,-33.53653335571289
smiley-chough,t later kan aanhaken bij de finale. Dan kunnen de andere teams het onderling uitvechten voor de andere finale plek. Lekker man Dinsdag bij ğŸ‘† Sterkte Sietse Daan OG? Probeert er nu al onder uit te komenğŸ˜‰ Lekker geregeld P Doei boobs! ğŸ˜˜ <Media weggelaten> <Media weggelaten> Ik heb de refresco wagen. De auto kan naar iemand anders toe. Heb zelf ook een auto Ja zeker! Beetje afwisselen Morgen 12:45 vertrekken van lucasbolwerk. Wie is erbij? Copy-paste naam in de lijst hieronder (met een ğŸš— als je kom,-9.211373329162598,-28.845706939697266
smiley-chough,t met de auto) : Luke C. Erik Mike Mark Mats Cas Thur Ivo Hid (refresco wagen) Eerste vijfje!! Succes Ian! Hopelijk negatief. Anders lekker samen in quarantaine. Blijf je wel fitğŸ˜‰ Mooi 11:04 staat op Amelisweerd. Wie wil? Misschien 5 min later. Werk liep uit. Vertrek over 5 min  met de fiets van Kampong. Ben wat later maar wle warm. Jij pakt wel uit op de vrijdag avond Morgen 12:00 vertrekken van lucasbolwerk. Wie is erbij? Copy-paste naam in de lijst hieronder (met een ğŸš— als je komt met de auto,-14.126565933227539,-31.838830947875977
smiley-chough,") : Luke C. Thur alleen terug! Thomas w ğŸš— Cas Thomas B ivoğŸš— Erik Mike Patrick alleen terug! Kjell Hidde ğŸš— Dames en heren, Dit jaar krijgen wij een sponsorboekje. Iedereen (spelers en staf) moet het onderstaande even invullen. Graag voor dit weekend naar mij appen.   Naam en achternaam Leeftijd Positie Bijnaam Hoe lang bij voordaan? Wist je dat ikâ€¦. Boys vergeet deze niet. Is 2 min werk. Hoe gaat het met het regelen van sponsoren? Morgen 12:55 vertrekken van lucasbolwerk. Wie is erbij? Copy-paste",-11.345438957214355,-26.103500366210938
smiley-chough," naam in de lijst hieronder (met een ğŸš— als je komt met de auto) : Luke C. Daan Patrick ğŸï¸ Mike Em Thomas B Hidde ğŸš— Thurtje!! Van harte! Vergeet deze niet in te vullen zowel voor de spelers als staff!! Bas, Dylan, em, mike, siets, Tom en Ian. Graag ontvang ik dit nog van jullie Pieter en Dirk ik weet niet of jullie ook bij de fotoshoot aanwezig zullen zijn. Maar anders ook graag invullen Dank Starten met individuele fotoâ€™s en later groeps. Hebben we iets meer speling Voor Tom en Bas Emmeline!! Va",-10.560107231140137,-24.726478576660156
smiley-chough,n harte!! Omw Morgen 12:45 vertrekken van lucasbolwerk. Wie is erbij? Copy-paste naam in de lijst hieronder (met een ğŸš— als je komt met de auto) : Luke C. Patrick H. ğŸ›º Mike H Mats HJ T (Tigchelhoff) Thomas v B. Angelien GJMHB FrohnğŸ Dyl Ian Em Erik Hidde V ğŸš— Mannen! Zondag komen alle ouders geloof een drankje na de wedstrijd. Nodig ook je eigen sponsor (niet ouder)  even uit. Nee Tuurlijk wel Een paar dingen zijn van zelf sprekend Er blijkt alleen bier na de wedstrijd te zijn. Dus als dat okÃ© is ,-13.002346992492676,-28.380584716796875
smiley-chough,nog bepaald worden. Ik ga vandaag even naar mijn pa in apeldoorn. Ik zie jullie morgen! Dankjulliewel! Dank allen Hahah top foto Morgen 12:50 vertrekken van lucasbolwerk. Wie is erbij? Copy-paste naam in de lijst hieronder (met een ğŸš— als je komt met de auto) : Luke C. Mike Thomas B Daan Thur Mats Ivo Cas WeerdğŸš™ Hidde ğŸš˜ Vergeten is 5je in de bierpot Morgenmiddag wordt het. Maar is goed Nu al je tas aan het inpakken Aad? Is natuurlijk best ver vanuit Cothen Ik neem hem donderdag mee. Ik moet nog w,-13.142589569091797,-29.551589965820312
smiley-chough,"assen Stickkant altijd! Morgen 12:45 vertrekken van lucasbolwerk. Wie is erbij? Copy-paste naam in de lijst hieronder (met een ğŸš— als je komt met de auto) : Luke C. Hidde V ğŸš Je hebt 1 taak chads Ben jij niet op de club? Wat wil je eten Biefstuk van diamanthaas: Patrick H Thur Mats Thom w Cas Erik Daan Mark Peter Thomas vB Mike Hid  Kabeljauw met kruidenkorst uit de oven: Coen Pompencurry met flespompoen, courgette, aubergine en tomaat: Wat wil je eten Biefstuk van diamanthaas ğŸ¥© : Patrick H Thur ",-15.763019561767578,-36.039466857910156
smiley-chough,bediening Aad vraagt of hij ook in de ladies app kan Mooi!! Morgen 12:05 vertrekken van lucasbolwerk. Wie is erbij? Copy-paste naam in de lijst hieronder (met een ğŸš— als je komt met de auto) : Luke C. P ğŸ¦¼ Ivo Battum Cas Mark Mike Tegel Daan Thur Troy Hidde ğŸš˜ Balen dyl! Beterschap Niet alleen uit nodigen maar ook aansporen om aan te melden <Media weggelaten> Uitnodiging.pdf Voor het geval je hem even kwijt was Graag voor de 22ste aanmelden ivm inkopen.  Daarna kan het niet meer Hij is de hoogte Ne,-11.117475509643555,-30.218971252441406
smiley-chough,t klaar met werken. Ben later Beterschap ange! Mooi klote! Wordt lastig Iedereen aansporen om ze moeten mailen niet alleen maar toezeggen. Anders zelf mailen Coen ik kreeg de vraag of je naar de mensen die zich al aan hebben gemeld een bevestigingsmail kan sturen @31615158950 kan jij een lijst van je team samenstellen wie kan? Rustig aan dyl! Thanks maatje Sluit om 18:30 aan. Heb vergadering tot dan Morgen 18:30 vertrekken van lucasbolwerk. Wie is erbij? Copy-paste naam in de lijst hieronder (me,-9.821048736572266,-26.679677963256836
smiley-chough,t een ğŸš— als je komt met de auto) : Luke C. Daan Hidde V Morgen uit Of thuis tenue? Zou top zijn dan hoef ik niet nu te wassen Werk uitgelopen fiets nu naar voordaan ben dan al Warm Morgen 12:00 vertrekken van lucasbolwerk. Wie is erbij? Copy-paste naam in de lijst hieronder (met een ğŸš— als je komt met de auto) : Luke C. PğŸš– Troy Mark ivoğŸš˜ hidde p Mike Tegel Hidde v Ik kom prima weg met 1 hechting in mijn vinger. Moest wel 2 uur wachten in het diak Jammer Mannen!! Succes vandaag! Pak ze!  Hup Voord,-15.077301979064941,-29.77040672302246
smiley-chough," Even kleine correctie: jou* Maak je borst maar nat coen! Eerste 30 min alleen afronden toch? Ben nog op werk! Kom zo snel mogelijk Sorry mannen! Dit is mijn eerste week met mijn nieuwe job, dus was even belangrijk dat ik wat langer bleef vandaag. Kan er op zijn vroegst 19:00 uur zijn. Net Bas even gesproken en besloten om hem af te pissen! Succes in de regen en tot zondag. Morgen 12:30 vertrekken van lucasbolwerk. Wie is erbij? Copy-paste naam in de lijst hieronder (met een ğŸš— als je komt met de",-10.644164085388184,-27.484426498413086
smiley-chough, auto) : Luke C. Patrick H. ğŸ›´ Tegel Mike Mark Hidde 05-02-2022 13:55 - â€Peter Jonker heeft Sven van Tellingen toegevoegd Morgen 12:45 vertrekken van lucasbolwerk. Wie is erbij? Copy-paste naam in de lijst hieronder (met een ğŸš— als je komt met de auto) : Luke C. Thomas B Thomas W ğŸš˜ Mike Thur Daan Mark Hidde Gefeliciteerd mannen!!! Van harte aad!!! âœ… @31636326496 ging die bierpot ook maar zo snel met betalenğŸ˜‰ Zonnetje! Weinig wind en vooral Genieten ğŸ¥ Gefeliciteerd luke!! Ben er om 18:15 uur Dat is,-13.165818214416504,-32.47670364379883
smiley-chough,"ekken van lucasbolwerk. Wie is erbij? Copy-paste naam in de lijst hieronder (met een ğŸš— als je komt met de auto) : Luke C. Daan Mike Battum Thur Mark (ğŸš—) Erik ivoğŸš˜ Tegel (Sjenkie) Hid Ha boys! Net bij huisarts geweest en advies was even een foto te laten maken van mijn voet. Klachten werden namelijk erger terwijl het eerst afnam. Net bij radiologie afdeling geweest. Hoef in ieder geval niet in het gips, anders zat ik daar nu. Morgen moet ik mijn huisarts bellen voor de uitslag. Advies nu was weer",-12.146787643432617,-29.392805099487305
smiley-chough,"en gebruiken en je zaterdag! We hebben zo toch lekker wat geld opgehaald! Boys! De 2e shirts zijn bijna klaar. Maar we missen 2 korte broekjes, vest L en lange broek L en xl. Graag thuis checken of je niet per ongeluk iets dubbel heb meegenomen. Anders moeten we bij bestellen en dat kost weer geld. Nee, Piet en Dirk hebben nog geen broekje Dit klopt ook Morgen 12:30 vertrekken van lucasbolwerk. Wie is erbij? Copy-paste naam in de lijst hieronder (met een ğŸš— als je komt met de auto) : Luke C. Mike",-10.988311767578125,-27.972684860229492
smiley-chough, Battum Daan Erik Thur Hidde Beterschap en succes dirkie Mannen en dames! Mijn vriendin is positief getest. Heb zelf een negatieve zelftest maar het lijkt mij niet verstandig om te trainen. Ik hoop dat het snel overgaat en ik klachten vrij blijf voor zondag Beterschap mannen <Media weggelaten> Tot zo Ben wat later. Vertrek nu van kantoor over 45 min ongeveer op voordaan Good luck chaddie! Morgen 12:15 vertrekken van voordaan . Wie is erbij? Copy-paste naam in de lijst hieronder (met een ğŸš— als je,-8.790307998657227,-27.816816329956055
smiley-chough," komt met de auto) : IvoğŸš˜ Battum Mark Dyl FrohnğŸš˜ Tegel Mike Daan Em Thur Pppp ğŸšŒ Angelien Hidde Kan Vrij druk op de weg. Misschien iets later Mats, Cas, Thomas w, Daan en Ivo wat is jullie plan om geld op te halen? Ben nog aan het werk. Ben ook later Omw met de fiets ğŸš² Lekker boys!!! Ben ook later. Morgen 12:20 vertrekken van lucasbolwerk. Wie is erbij? Copy-paste naam in de lijst hieronder (met een ğŸš— als je komt met de auto) : Luke Battum Hidde Mooi goal <Media weggelaten> 6 punten wedstrijd van",-15.082930564880371,-30.795568466186523
smiley-chough,50* vertrekken van lucasbolwerk. Wie is erbij? Copy-paste naam in de lijst hieronder (met een ğŸš— als je komt met de auto) : Luke Mark Thom ğŸš˜ Thur Daan Mike Erik Battum Em Tegel Hidde Kan paar min later zijn Morgen *12:05* vertrekken van lucasbolwerk. Wie is erbij? Copy-paste naam in de lijst hieronder (met een ğŸš— als je komt met de auto) : Luke Thur Battum Emmeline Hidde Ja maar de punten zijn al wel goed verdeeld Cas en ik zijn paar min later Kan iedereen hieronder even laten weten of ze er vrijd,-21.383047103881836,-31.59203338623047
smiley-chough,"ag zijn, incl staf. Dan kan ik doorgeven voor hoeveel man we eten nodig hebben: - Mark - Tegel Battum Mike Thur Aad Thom w Hidde Tactisch Dirk. Nadat Coen het schema had gestuurd en duidelijk was dat we gingen dubbelenğŸ˜‰ Wat goed! Cas en ik zijn onderweg. Paar min later Markie!!! Lekker ook kegelen vnvğŸ‘ Hoe laat bij de tennisbaan? Hoe laat inlopen? Thanks Ging meer om maandag Morgen *12:10* vertrekken van lucasbolwerk. Wie is erbij? Copy-paste naam in de lijst hieronder (met een ğŸš— als je komt met",-10.299511909484863,-29.793643951416016
smiley-chough," de auto) : Luke Thur Hidde 19:15 inlopen? Lekker zeg!! âœ… Thanks stylo! Jaja!! In principe hebben we 1 bus tochğŸ˜‰ Top! Justus? Ik had aangegeven dat we een pastaatje willen na de training vorige week. Het is genoteerd, maar je kan je altijd afvragen of het goed gaat Morgen *13:20* vertrekken van lucasbolwerk. Wie is erbij? Copy-paste naam in de lijst hieronder (met een ğŸš— als je komt met de auto) : Luke Mark Thur Battum Daan Mike Em Erik TomğŸš˜ Dyl Hidde Hebben we nog een mywheels? Ian van harte jon",-14.103525161743164,-30.250925064086914
snorting-rhinoceros, eerde aangegeven had je tot 12 augustus de tijd om door te geven of je kon. Waarschijnlijk werken we per dagdeel. Als je dus straks niet kan moet je zelf even een vervanger regelen. Voor nu ziet de lijst er als volgt uit. Zal in loop van de week het schema sturen.  Afwezig Aad Coen Hidde Pat  Misschien Mark Mats  Aanwezig Chatprick Rick Wemel Thomas B Casper Mike Ivo Daan Thom F Thomas W Siets Ian Troy Dylan Thur Een schema met wie welke tijden moeten bedoel ik dan Kreeg net door van de club da,-10.505342483520508,-23.49888038635254
snorting-rhinoceros,"t de clinic niet door gaat. Hoop dat het is gelukt met de golf reserveringen Hid, zijn nu zeker 15 spelers die extra tijd hebben om 18 holes te lopen! Ik hoop het ook te halen, sta nog bij aad in de tuin zijn vrijdag avond shuttles te lopen Morgen 12:00 vertrekken van lucasbolwerk. Wie is erbij? Copy-paste naam in de lijst hieronder (met een ğŸš— als je komt met de auto) : Luke C. Thur alleen terug! Thomas w ğŸš— Cas Thomas B ivoğŸš— Erik Mike Patrick alleen terug! Hoe laat verzamelen we op nijmegen? Mor",-13.114684104919434,-28.764644622802734
snorting-rhinoceros,"gen 12:55 vertrekken van lucasbolwerk. Wie is erbij? Copy-paste naam in de lijst hieronder (met een ğŸš— als je komt met de auto) : Luke C. Daan Patrick ğŸï¸ Gefeliciteerd Thur!! ğŸŠ Ik heb nog een setje met 6 zonder refresco erop Ja Ik heb dus shirt en wedstrijdbroekje 6 m volgens mij. Ik neem ze mee vanavond als ik nog langs huis kan gaan. In dag geval ben ik een half uurtje later bij Auke, mocht van Ang Morgen 12:45 vertrekken van lucasbolwerk. Wie is erbij? Copy-paste naam in de lijst hieronder (me",-17.346229553222656,-31.99836540222168
snorting-rhinoceros,"t een ğŸš— als je komt met de auto) : Luke C. Patrick H. ğŸ›º Ik ben ook onderweg Morgen 12:50 vertrekken van lucasbolwerk. Wie is erbij? Copy-paste naam in de lijst hieronder (met een ğŸš— als je komt met de auto) : Luke C. Mike Thomas B Daan Thur Mats Ivo Cas WeerdğŸš™ Hidde ğŸš˜ Patrick ğŸšœ Ik zit nu in de trein van amsterdam, ben er met 45 min Kan je gezellig met Coen bellen, die zit ook al sinds 7 uur in de auto over de provinciale weggetjes heen te rijden Rij nu weg van kantoor hoop dat ik op tijd ben Morg",-15.545654296875,-30.16704559326172
snorting-rhinoceros,"en 12:45 vertrekken van lucasbolwerk. Wie is erbij? Copy-paste naam in de lijst hieronder (met een ğŸš— als je komt met de auto) : Luke C. Hidde V ğŸš Tegel Hidde P Thomas vB Thur Wemeltsj Em Daan Mike Ivo PatrickğŸš€ Ede is een thuiswedstrijd voor jou toch Aad? Wat wil je eten: ğŸ¥©ğŸŸğŸƒ Biefstuk van diamanthaas: Patrick H  Kabeljauw met kruidenkorst uit de oven:  Pompencurry met flespompoen, courgette, aubergine en tomaat: Voor morgen, kom in je sportkleren! Je kan er niet omkleden. Voor morgen, kom in je s",-15.807485580444336,-36.00776290893555
snorting-rhinoceros,heb het bestuur uitgenodigd <Media weggelaten> En ze hebben het op de site gezet Ik rij nu weg van werk Dus ben wat later Morgen 12:15 vertrekken van lucasbolwerk. Wie is erbij? Copy-paste naam in de lijst hieronder (met een ğŸš— als je komt met de auto) : Luke C. P ğŸ¦¼ Sterkte dyl! Ik ben ook later Nog even een zelftestje aan het doen Beterschap ang Ik heb een Datumprikker afspraak gemaakt voor 'Kerstdiner ğŸ„'. Wil je je beschikbaarheid opgeven? - https://datumprikker.nl/pgx8zq6gext8id5x Als je het t,-10.087498664855957,-28.872346878051758
snorting-rhinoceros,"e veel invullen is, geef dan alleen aan of je de 10de of 17de kan en de rest op rood zetten Ik Morgen 18:30 vertrekken van lucasbolwerk. Wie is erbij? Copy-paste naam in de lijst hieronder (met een ğŸš— als je komt met de auto) : Luke C. Daan Hidde V ivoğŸš˜ Thomas WğŸš— TomğŸš— Hidde P Troy Mike Erik Tim Thur Tegellll Mark Filip Thomas vBğŸš— P ğŸ›¶ Succes Kjel!!! Morgen 12:00 vertrekken van lucasbolwerk. Wie is erbij? Copy-paste naam in de lijst hieronder (met een ğŸš— als je komt met de auto) : Luke C. PğŸš– Ik heb ",-24.713712692260742,-35.40873718261719
snorting-rhinoceros,"maskers en 1 kratje bidons in de auto Ik rij nu weg uit amsterdam ben er met 30 minuten De vraag was of we het ook op de H1 instagram konden zetten âœ… âœ… Gefeliciteerd Dirk!! Ik ben vanavond ook niet bij de training. Ik ben net terug van een toernooi met BraziliÃ« dus pak nog even mijn rust. Zal zondag aansluiten! Wat kut zeg, sterkte Dyl, hopelijk zien we je snel weer!! Morgen 12:30 vertrekken van lucasbolwerk. Wie is erbij? Copy-paste naam in de lijst hieronder (met een ğŸš— als je komt met de auto)",-10.390238761901855,-28.19916343688965
snorting-rhinoceros," : Luke C. Patrick H. ğŸ›´ Morgen 12:45 vertrekken van lucasbolwerk. Wie is erbij? Copy-paste naam in de lijst hieronder (met een ğŸš— als je komt met de auto) : Luke C. Thomas B Thomas W ğŸš˜ Mike Thur Daan Mark Hidde Tim Troy Tom ğŸš— Sven PğŸ¦¯ Daarom ben ik niet zo van het zaalhockeyen Boys, Doordat de club problemen heeft met het regelen van trainers hebben ze gevraagd of wij een handje kunnen helpen. Dit betekend dat wij op de donderdag 13 weken lang JC3 training gaan geven van 17.00 tot 18.30. Dit betek",-13.801660537719727,-28.493656158447266
snorting-rhinoceros,"Ik rij nu weg van werk Jij bedankt voor het sponsoren van H1 thor! ğŸ”ğŸ’¸ğŸ’¸ Ivo's moeder betaalde wel trouwens, dus thanks Ivo's moeder!! Morgen 12:30 vertrekken van lucasbolwerk. Wie is erbij? Copy-paste naam in de lijst hieronder (met een ğŸš— als je komt met de auto) : Luke C. Mike Battum Daan Erik Thur Hidde Mark Ian Troy (alleen terug) Tom ğŸš— Dyl Em Filip P. (Alleen heen) ğŸšœ Beterschap boys! Ik rij nu weg van werk Morgen 12:15 vertrekken van voordaan . Wie is erbij? Copy-paste naam in de lijst hieron",-18.520689010620117,-33.64612579345703
snorting-rhinoceros,"der (met een ğŸš— als je komt met de auto) : IvoğŸš˜ Battum Mark Dyl FrohnğŸš˜ Tegel Mike Daan Em Thur Pppp ğŸšŒ Kan Ik ben ook iets later Ik rij nu weg van werk, ben dus wat later Morgen 12:20 vertrekken van lucasbolwerk. Wie is erbij? Copy-paste naam in de lijst hieronder (met een ğŸš— als je komt met de auto) : Luke Battum Hidde Thur Dyl TomğŸš— Daan Mike MarkğŸš— P ğŸš’ Ik rij net weg uit amsterdam De verdubbelaar Die gebruiken wij volgende week Gefeliciteerd Cassie!!! Ik ben iets later Ik rij over 5 minuten weg va",-15.676863670349121,-30.80989646911621
snorting-rhinoceros,n werk Morgen *12:50* vertrekken van lucasbolwerk. Wie is erbij? Copy-paste naam in de lijst hieronder (met een ğŸš— als je komt met de auto) : Luke Mark Thom ğŸš˜ Thur Daan Mike Erik Battum Em Tegel Hidde Tim ivoğŸš˜ P ğŸš€ Ik ook Rij nu wel uit amsterdam Morgen *12:05* vertrekken van lucasbolwerk. Wie is erbij? Copy-paste naam in de lijst hieronder (met een ğŸš— als je komt met de auto) : Luke Thur Battum Emmeline Hidde Dyl Mark Mike Erik Daan ivoğŸš˜ Tegel TomğŸš˜ PğŸï¸ Als ik naar de reactie van brekelmans kijk is,-24.494491577148438,-36.76378631591797
snorting-rhinoceros," het zeker geen goal Ik rij nu weg uit amsterdam Kom net uit een training Kan iedereen hieronder even laten weten of ze er vrijdag zijn, incl staf. Dan kan ik doorgeven voor hoeveel man we eten nodig hebben: - Mark - Tegel - Battum - Mike - Thur - Aad - Thom w - Hidde - Daan - Rik - Troy - P Ik rij nu weg uit amsterdam Ik rij nu weg Morgen *12:10* vertrekken van lucasbolwerk. Wie is erbij? Copy-paste naam in de lijst hieronder (met een ğŸš— als je komt met de auto) : Luke Thur Hidde Mike Battum Teg",-16.613924026489258,-28.77543067932129
snorting-rhinoceros,"el Mark P. ğŸš‘ Dit nog even inventariseren? Iedereen die met de auto gaat ff hieronder invullen: - Aad -Ivo - coen - pat Morgen *13:20* vertrekken van lucasbolwerk. Wie is erbij? Copy-paste naam in de lijst hieronder (met een ğŸš— als je komt met de auto) : LukeğŸš— Mark Thur Battum Daan Mike Em Erik TomğŸš˜ Dyl Hidde Thom w ğŸš˜ Tegel Ian Troy IvoğŸš• PğŸš‘ Parkeren: Daan Ros Netjes Cassie!!! Ik niet ğŸ¥³ğŸŠ Ik ben wat later Jammer boys, tot snel weer!!! ğŸ˜˜ Geef aan welke maat en kleur trui je wilt: - Patrick M - Coen X",-14.463767051696777,-33.145652770996094
sparkly-walrus,n van lucasbolwerk. Wie is erbij? Copy-paste naam in de lijst hieronder (met een ğŸš— als je komt met de auto) : Luke C. Erik Mike Mark Mats Cas Thur Ivo Hid (refresco wagen) Em Battum Thomas w ğŸš— Tom ğŸš— Dyl Daan Morgen 12:55 vertrekken van lucasbolwerk. Wie is erbij? Copy-paste naam in de lijst hieronder (met een ğŸš— als je komt met de auto) : Luke C. Daan Gefeliciteerd thurrieee Gefeliciteerd!! Tot morgen amigo ğŸ’ªğŸ¼ Morgen 12:45 vertrekken van lucasbolwerk. Wie is erbij? Copy-paste naam in de lijst hie,-28.636415481567383,-35.552066802978516
sparkly-walrus,"ronder (met een ğŸš— als je komt met de auto) : Luke C. Patrick H. ğŸ›º Mike H Mats HJ T (Tigchelhoff) Thomas v B. Angelien GJMHB FrohnğŸ Dyl Ian Em Erik Hidde V ğŸš— Daan Pfff, veel sterkte Hid Morgen 12:50 vertrekken van lucasbolwerk. Wie is erbij? Copy-paste naam in de lijst hieronder (met een ğŸš— als je komt met de auto) : Luke C. Mike Thomas B Daan Hoe laat op de club vanaaf? Morgen 12:45 vertrekken van lucasbolwerk. Wie is erbij? Copy-paste naam in de lijst hieronder (met een ğŸš— als je komt met de auto",-27.428720474243164,-35.4713020324707
sparkly-walrus,") : Luke C. Hidde V ğŸš Tegel Hidde P Thomas vB Thur Wemeltsj Em Daan Wat wil je eten Biefstuk van diamanthaas: Patrick H Thur Mats Thom w Cas Erik Daan  Kabeljauw met kruidenkorst uit de oven:  Pompencurry met flespompoen, courgette, aubergine en tomaat: Morgen 12:15 vertrekken van lucasbolwerk. Wie is erbij? Copy-paste naam in de lijst hieronder (met een ğŸš— als je komt met de auto) : Luke C. P ğŸ¦¼ Ivo Battum Cas Mark Mike Tegel Daan Shit man, rustig aan doen dyl! Je kan het Hid!! ! Vul deze vanavon",-15.857215881347656,-35.989768981933594
sparkly-walrus,"d/morgen allemaal nog even in jongensss, kunnen we een datum gaan prikken! Alles loopt al snel vol voor reserveringenâ€¦ Eind dit weekend prikken we de datum Morgen 18:30 vertrekken van lucasbolwerk. Wie is erbij? Copy-paste naam in de lijst hieronder (met een ğŸš— als je komt met de auto) : Luke C. Daan Succes komende tijd gozer! Gelukkig hidje! Iemand mijn line-up Jack meegenomen? #17 Heyyy jongens we blazen het Kerstdiner voorlopig af, wordt te lastig met alle Corona ellende. Wel met het idee om a",-12.259721755981445,-27.717191696166992
sparkly-walrus,"an het einde van het jaar iets ter vervanging te organiseren!! Voordaan! Gefeliciteerd coentjeee Wat mooi zeg ğŸ¤©, gefeliciteerd! Heyy jongens, ik zit in isolatie ğŸ˜­, dus ben er nog niet bij vanavond. Ik sluit vanaf donderdag weer aan! Hoe laat verzamelen we morgen? Thankss Morgen 12:45 vertrekken van lucasbolwerk. Wie is erbij? Copy-paste naam in de lijst hieronder (met een ğŸš— als je komt met de auto) : Luke C. Thomas B Thomas W ğŸš˜ Mike Thur Daan Gefeliciteerd mannen ğŸ˜„ğŸ¾ Gefeliciteerd aadjeee! Gefeli",-12.4759521484375,-30.437488555908203
sparkly-walrus,"citeerd lukeee Ik wacht nog op Pattie, ben ook wat later Mij niet Morgen 12:30 vertrekken van lucasbolwerk. Wie is erbij? Copy-paste naam in de lijst hieronder (met een ğŸš— als je komt met de auto) : Luke C. Daan Yess Morgen 12:30 vertrekken van lucasbolwerk. Wie is erbij? Copy-paste naam in de lijst hieronder (met een ğŸš— als je komt met de auto) : Luke C. Mike Battum Daan ğŸ˜ https://voordaan.nl/site/default.asp?Option=51&NewsID=3457 Geldt dit bericht ook voor ons? Morgen 12:15 vertrekken van *voord",-24.165239334106445,-33.09261703491211
sparkly-walrus,"aan* . Wie is erbij? Copy-paste naam in de lijst hieronder (met een ğŸš— als je komt met de auto) : IvoğŸš˜ Battum Mark Dyl FrohnğŸš˜ Tegel Mike Daan Genoeg autoâ€™s? Kan Hahaha ğŸ˜‚ Prima haasje over Flinke klim maatje ğŸ˜…, mooi dat je doet, heb een studentenbijdrage gedaan! Morgen 12:20 vertrekken van lucasbolwerk. Wie is erbij? Copy-paste naam in de lijst hieronder (met een ğŸš— als je komt met de auto) : Luke Battum Hidde Thur Dyl TomğŸš— Daan ğŸ˜‚ğŸ˜‚ğŸ˜‚ Gefeliciteerd cassieee Morgen *12:50* vertrekken van lucasbolwerk.",-23.73981285095215,-34.982139587402344
sparkly-walrus," Wie is erbij? Copy-paste naam in de lijst hieronder (met een ğŸš— als je komt met de auto) : Luke Mark Thom ğŸš˜ Thur Daan Morgen *12:05* vertrekken van lucasbolwerk. Wie is erbij? Copy-paste naam in de lijst hieronder (met een ğŸš— als je komt met de auto) : Luke Thur Battum Emmeline Hidde Dyl Mark Mike Erik Daan Kunnen we daar rackets lenen/huren Markie? Kan iedereen hieronder even laten weten of ze er vrijdag zijn, incl staf. Dan kan ik doorgeven voor hoeveel man we eten nodig hebben: - Mark - Tegel ",-19.48674201965332,-29.993051528930664
sparkly-walrus, En dames ğŸ˜„ Morgen *12:10* vertrekken van lucasbolwerk. Wie is erbij? Copy-paste naam in de lijst hieronder (met een ğŸš— als je komt met de auto) : Luke Thur Hidde Mike Battum Tegel Mark P. ğŸš‘ Tim Tom Dyl Daan Hou allemaal zaterdag 11 juni vrij in de agenda voor de teamafsluiting! Planning volgt nog ğŸ˜‚ğŸ˜ Morgen *13:20* vertrekken van lucasbolwerk. Wie is erbij? Copy-paste naam in de lijst hieronder (met een ğŸš— als je komt met de auto) : Luke Mark Thur Battum Daan Jij ook veel plezier Ang! Wat fakking ,-22.85187530517578,-33.447593688964844
sparkly-walrus,je! Morgen 10:45 vertrekken van lucasbolwerk. Wie is erbij? Copy-paste naam in de lijst hieronder (met een ğŸš— als je komt met de auto) : Luke C. Thom w ğŸš— IJse TomğŸš— Battie Ivo Niels Stijn Valentijn Daan Morgen *12:10 vertrekken* van lucasbolwerk. Wie is erbij? Copy-paste naam in de lijst hieronder (met een ğŸš— als je komt met de auto) : Luke C. IJse Battie ğŸš— Stijn Kjell Sven Valentijn Erik Mark Tegel Mike Daan Morgen *19:00 vertrekken* van lucasbolwerk. Wie is erbij? Copy-paste naam in de lijst hier,-29.49322509765625,-34.980567932128906
sparkly-walrus,onder (met een ğŸš— als je komt met de auto) : Luke C. Mike H. Erik H. Daan â€˜t G. Morgen *19:00 vertrekken* van lucasbolwerk. Wie is erbij? Copy-paste naam in de lijst hieronder (met een ğŸš— als je komt met de auto) : Luke C. Mike H. Erik H. Daan â€˜t G. Mark â€˜t L. Hugo L. IJse D. Ik kom voor werk vanuit Sittard vandaag. Probeer 19:00 Lucasbol te halen maar ben wellicht 5 minuutjes later Morgen *12:20 vertrekken van lucasbolwerk*. Wie is erbij? Copy-paste naam in de lijst hieronder (met een ğŸš— als je ko,-26.074949264526367,-32.5674934387207
sparkly-walrus,mt met de auto) : Luke C. Hugo L. Thom ğŸš˜ TomğŸš— Daan Pomp jij jezelf eerst nog even op in de gym voordat je je shirt aan trekt @31636326496 ? Same Morgen *12:30 vertrekken van lucasbolwerk*. Wie is erbij? Copy-paste naam in de lijst hieronder (met een ğŸš— als je komt met de auto) : Mark IJse Mike TomğŸš— Daan Morgen *12:15 vertrekken* van lucasbolwerk. Wie is erbij? Copy-paste naam in de lijst hieronder (met een ğŸš— als je komt met de auto) : Luke C. ğŸš— (alleen terug) Battie Thom ğŸš— (alleen heen) Daan Ik o,-25.852190017700195,-33.16884231567383
speedy-macaroni penguin,"vers.nl ğŸ¤ªğŸ¤ªğŸ¤ª Topsnelheid? ğŸ‘†ğŸ» Sterkte siets! Vergeet niet een jas mee te nemen voor vanavond! Tis niet koud maar ook zeker niet heel warm Nederland is onvoorspelbaar, kan ik niks over zeggen Je weet het nooit! Bedankt voor het kijken! Autoâ€™s handig om bij restaurant vroeg (tegenover) te parkeren Welkom Rik! ğŸ˜ªğŸ˜ªğŸ˜ª Wij zijn er bijna, liepen wat vertraging op de weg op Hahahahah Dat ben ik, komt goed Morgen 12:45 vertrekken van lucasbolwerk. Wie is erbij? Copy-paste naam in de lijst hieronder (met een ",-9.13535213470459,-26.35576820373535
speedy-macaroni penguin,ğŸš— als je komt met de auto) : Luke C. Erik Mike Mark Mats Cas Thur Welke auto heeft ivo en welke hidde? Je hebt nog 1 minuu Jaaaaaa Te laat Woehoe Morgen 12:00 vertrekken van lucasbolwerk. Wie is erbij? Copy-paste naam in de lijst hieronder (met een ğŸš— als je komt met de auto) : Luke C. Thur alleen terug! Morgen 12:55 vertrekken van lucasbolwerk. Wie is erbij? Copy-paste naam in de lijst hieronder (met een ğŸš— als je komt met de auto) : Luke C. Daan Patrick ğŸï¸ Mike Em Thomas B Hidde ğŸš— ivo Erik Tegel,-26.864870071411133,-35.89472961425781
speedy-macaroni penguin," Hidde P Thom ğŸš˜ Thur Thanks! Feli em! Morgen 12:45 vertrekken van lucasbolwerk. Wie is erbij? Copy-paste naam in de lijst hieronder (met een ğŸš— als je komt met de auto) : Luke C. Patrick H. ğŸ›º Mike H Mats HJ T (Tigchelhoff) Thomas v B. Angelien GJMHB FrohnğŸ Dyl Thur iets later ivm college Wij ook wat later door oponthoud onderweg Geweldig Ang!! Top geregeld ! Jezus hid, veel sterkte Ik moest tot 16:30 werken, zijn er bijna Morgen 12:50 vertrekken van lucasbolwerk. Wie is erbij? Copy-paste naam in ",-18.643447875976562,-35.06630325317383
speedy-macaroni penguin,"de lijst hieronder (met een ğŸš— als je komt met de auto) : Luke C. Mike Thomas B Daan Thur Wel een taakje voor @31646519172 Thanks troy! Voordaanjaren Morgen 12:45 vertrekken van lucasbolwerk. Wie is erbij? Copy-paste naam in de lijst hieronder (met een ğŸš— als je komt met de auto) : Luke C. Hidde V ğŸš Tegel Hidde P Thomas vB Thur 3 autoâ€™s redden we t niet mee, ivo miss mywheels? Of reken ik verkeerd <Media weggelaten> Tis weer eens lekker parkeren op voordaanâ€¦ Morgen 12:15 vertrekken van lucasbolwer",-19.931713104248047,-33.55666732788086
speedy-macaroni penguin,k. Wie is erbij? Copy-paste naam in de lijst hieronder (met een ğŸš— als je komt met de auto) : Luke C. P ğŸ¦¼ Ivo Battum Cas Mark Mike Tegel Daan Thur Ja is gezegd dinsdag Morgen 18:30 vertrekken van lucasbolwerk. Wie is erbij? Copy-paste naam in de lijst hieronder (met een ğŸš— als je komt met de auto) : Luke C. Daan Hidde V ivoğŸš˜ Thomas WğŸš— TomğŸš— Hidde P Troy Mike Erik Tim Thur Morgen 12:00 vertrekken van lucasbolwerk. Wie is erbij? Copy-paste naam in de lijst hieronder (met een ğŸš— als je komt met de auto,-28.435768127441406,-36.38444519042969
speedy-macaroni penguin,"it zijn heel veel te laat 5jes Ik kan wel een lijstje samenstellen Wat zie je Ik ben er dit weekend ook nog niet, ben een weekendje weg! Zie jullie dinsdag Sterkte dyl, wat klote allemaal.. 19:00 inlopen of 18:45? Morgen 12:45 vertrekken van lucasbolwerk. Wie is erbij? Copy-paste naam in de lijst hieronder (met een ğŸš— als je komt met de auto) : Luke C. Thomas B Thomas W ğŸš˜ Mike Thur Feli Peet en Stylo!! Oeh :46 Hoeveel 5jes zijn dit ? Krijg je dus als je moet wachten op te laat-komers! Feli ari Do",-12.119154930114746,-28.5980281829834
speedy-macaroni penguin,"ne Fel chadsie! Feli* Hoelaat spelen we donderdaf en vrijdag Nee doe maar tood Rood We hebben gister in wit gespeeld Ja Morgen 12:30 vertrekken van lucasbolwerk. Wie is erbij? Copy-paste naam in de lijst hieronder (met een ğŸš— als je komt met de auto) : Luke C. Daan Mike Battum Thur Scheize.. EM!!!! Yes, ik post t En ze smaakte ook goed, klasse gasten! Bedank ivo, die pakte ff de tripple big mac mee van jullie Balen ief Morgen 12:30 vertrekken van lucasbolwerk. Wie is erbij? Copy-paste naam in de ",-16.660175323486328,-31.93404197692871
speedy-macaroni penguin,lijst hieronder (met een ğŸš— als je komt met de auto) : Luke C. Mike Battum Daan Erik Thur <Media weggelaten> Koploper! Shit chads.. Morgen 12:15 vertrekken van voordaan . Wie is erbij? Copy-paste naam in de lijst hieronder (met een ğŸš— als je komt met de auto) : IvoğŸš˜ Battum Mark Dyl FrohnğŸš˜ Tegel Mike Daan Em Thur Ik kan ğŸ’¸ğŸ’¸ğŸ’¸ Morgen 12:20 vertrekken van lucasbolwerk. Wie is erbij? Copy-paste naam in de lijst hieronder (met een ğŸš— als je komt met de auto) : Luke Battum Hidde Thur Goal! https://youtu.be,-25.638568878173828,-37.08061218261719
speedy-macaroni penguin,"/vQZmRqxnH6M  Qui vive de 1-3 Morgen *12:50* vertrekken van lucasbolwerk. Wie is erbij? Copy-paste naam in de lijst hieronder (met een ğŸš— als je komt met de auto) : Luke Mark Thom ğŸš˜ Thur Dat gaat gepaard met een â€¦? ğŸ’ªğŸ» Morgen *12:05* vertrekken van lucasbolwerk. Wie is erbij? Copy-paste naam in de lijst hieronder (met een ğŸš— als je komt met de auto) : Luke Thur Kijk waar de bal heen vliegt, dat kan niet Lekker laten zakken Waar moet ik kijken dirk? Die bal is in de lucht, geeft vertekend beeld Geen",-23.46664810180664,-32.17304992675781
speedy-macaroni penguin," goal. Goede conclusie! ğŸ˜‚ Schijnbaar, ze kijken met ons mee Kan iedereen hieronder even laten weten of ze er vrijdag zijn, incl staf. Dan kan ik doorgeven voor hoeveel man we eten nodig hebben: - Mark - Tegel Battum Mike Thur Kunnen we daar omkleden en douchen? Vijfje Morgen *12:10* vertrekken van lucasbolwerk. Wie is erbij? Copy-paste naam in de lijst hieronder (met een ğŸš— als je komt met de auto) : Luke Thur Dit bericht is verwijderd ğŸ¤¯ Tnx stylo! The myth <Media weggelaten> <Media weggelaten> <",-9.798746109008789,-30.443166732788086
speedy-macaroni penguin,"Media weggelaten> <Media weggelaten> <Media weggelaten> <Media weggelaten> https://youtu.be/-n7-S-bqYoU Morgen *13:20* vertrekken van lucasbolwerk. Wie is erbij? Copy-paste naam in de lijst hieronder (met een ğŸš— als je komt met de auto) : Luke Mark Thur Jannie, gefeliciteerd Ontzettend bij Neem maar mee! ğŸ¤© Parkeren: Fam Jonker Erna en Luuk Stolk Anne Jongerden Daan Ros Harry en dorry van Elst Martin Visser Roos Lelieveldt Hans Roelofs Pim Stam Paul Hemesath Paul Frohn Paul Jonker Harry Pongers St",-12.95133113861084,-35.54288101196289
